{
  "manifest": "/data/projects/GM-100/benchmark/splits_v1/eval_manifest.json",
  "results_dir": "/data/projects/GM-100/benchmark/eval_results_v1/splits_v1/gemini-3-1-flash-lite-preview",
  "model": "gemini-3-1-flash-lite-preview",
  "model_slug": "gemini-3-1-flash-lite-preview",
  "task_type_aliases": {
    "T9": "T_binary"
  },
  "created_at": "2026-04-20T15:07:32",
  "keep_invalid": false,
  "overall_micro_acc": 0.42257653061224487,
  "dataset_macro_acc": 0.4256699519564816,
  "task_macro_acc": 0.46458409752934676,
  "datasets": [
    {
      "dataset": "GM100",
      "slug": "gm100",
      "num_rows_raw": 2643,
      "num_rows_valid": 1989,
      "num_invalid_ignored": 654,
      "overall_acc": 0.3926596279537456,
      "macro_task_acc": 0.41731936989341445,
      "tasks": {
        "T1": {
          "n": 597,
          "correct": 203,
          "acc": 0.34003350083752093,
          "baseline": 0.25
        },
        "T2": {
          "n": 150,
          "correct": 93,
          "acc": 0.62,
          "baseline": 0.5
        },
        "T4": {
          "n": 225,
          "correct": 66,
          "acc": 0.29333333333333333,
          "baseline": 0.25
        },
        "T6": {
          "n": 223,
          "correct": 135,
          "acc": 0.6053811659192825,
          "baseline": 0.5
        },
        "T_binary": {
          "n": 223,
          "correct": 122,
          "acc": 0.547085201793722,
          "baseline": 0.5
        },
        "T_progress": {
          "n": 424,
          "correct": 132,
          "acc": 0.3113207547169811,
          "baseline": 0.3333333333333333
        },
        "T_temporal": {
          "n": 147,
          "correct": 30,
          "acc": 0.20408163265306123,
          "baseline": 0.16666666666666666
        }
      }
    },
    {
      "dataset": "RH20T",
      "slug": "rh20t",
      "num_rows_raw": 2422,
      "num_rows_valid": 2239,
      "num_invalid_ignored": 183,
      "overall_acc": 0.44618133095131757,
      "macro_task_acc": 0.39532406922774505,
      "tasks": {
        "T1": {
          "n": 303,
          "correct": 82,
          "acc": 0.2706270627062706,
          "baseline": 0.25
        },
        "T2": {
          "n": 223,
          "correct": 149,
          "acc": 0.6681614349775785,
          "baseline": 0.5
        },
        "T3": {
          "n": 268,
          "correct": 78,
          "acc": 0.291044776119403,
          "baseline": 0.25
        },
        "T6": {
          "n": 227,
          "correct": 136,
          "acc": 0.5991189427312775,
          "baseline": 0.5
        },
        "T7": {
          "n": 632,
          "correct": 324,
          "acc": 0.5126582278481012,
          "baseline": 0.5
        },
        "T_binary": {
          "n": 219,
          "correct": 105,
          "acc": 0.4794520547945205,
          "baseline": 0.5
        },
        "T_progress": {
          "n": 366,
          "correct": 125,
          "acc": 0.34153005464480873,
          "baseline": 0.3333333333333333
        },
        "T_temporal": {
          "n": 1,
          "correct": 0,
          "acc": 0.0,
          "baseline": 0.16666666666666666
        }
      }
    },
    {
      "dataset": "REASSEMBLE",
      "slug": "reassemble",
      "num_rows_raw": 2562,
      "num_rows_valid": 2500,
      "num_invalid_ignored": 62,
      "overall_acc": 0.4124,
      "macro_task_acc": 0.46259051079724295,
      "tasks": {
        "T1": {
          "n": 374,
          "correct": 115,
          "acc": 0.3074866310160428,
          "baseline": 0.25
        },
        "T10": {
          "n": 359,
          "correct": 138,
          "acc": 0.38440111420612816,
          "baseline": 0.25
        },
        "T11": {
          "n": 200,
          "correct": 135,
          "acc": 0.675,
          "baseline": 0.25
        },
        "T12": {
          "n": 46,
          "correct": 39,
          "acc": 0.8478260869565217,
          "baseline": 0.25
        },
        "T2": {
          "n": 374,
          "correct": 115,
          "acc": 0.3074866310160428,
          "baseline": 0.5
        },
        "T6": {
          "n": 206,
          "correct": 161,
          "acc": 0.7815533980582524,
          "baseline": 0.5
        },
        "T7": {
          "n": 161,
          "correct": 59,
          "acc": 0.36645962732919257,
          "baseline": 0.5
        },
        "T_binary": {
          "n": 275,
          "correct": 140,
          "acc": 0.509090909090909,
          "baseline": 0.5
        },
        "T_progress": {
          "n": 432,
          "correct": 116,
          "acc": 0.26851851851851855,
          "baseline": 0.3333333333333333
        },
        "T_temporal": {
          "n": 73,
          "correct": 13,
          "acc": 0.1780821917808219,
          "baseline": 0.16666666666666666
        }
      }
    },
    {
      "dataset": "AIST",
      "slug": "aist",
      "num_rows_raw": 1424,
      "num_rows_valid": 1112,
      "num_invalid_ignored": 312,
      "overall_acc": 0.45143884892086333,
      "macro_task_acc": 0.5089221158958,
      "tasks": {
        "T3": {
          "n": 456,
          "correct": 161,
          "acc": 0.3530701754385965,
          "baseline": 0.25
        },
        "T4": {
          "n": 308,
          "correct": 133,
          "acc": 0.4318181818181818,
          "baseline": 0.25
        },
        "T6": {
          "n": 240,
          "correct": 137,
          "acc": 0.5708333333333333,
          "baseline": 0.5
        },
        "T_binary": {
          "n": 90,
          "correct": 62,
          "acc": 0.6888888888888889,
          "baseline": 0.5
        },
        "T_temporal": {
          "n": 18,
          "correct": 9,
          "acc": 0.5,
          "baseline": 0.16666666666666666
        }
      }
    }
  ],
  "merged_tasks": {
    "T1": {
      "n": 1274,
      "correct": 400,
      "acc": 0.3139717425431711
    },
    "T10": {
      "n": 359,
      "correct": 138,
      "acc": 0.38440111420612816
    },
    "T11": {
      "n": 200,
      "correct": 135,
      "acc": 0.675
    },
    "T12": {
      "n": 46,
      "correct": 39,
      "acc": 0.8478260869565217
    },
    "T2": {
      "n": 747,
      "correct": 357,
      "acc": 0.4779116465863454
    },
    "T3": {
      "n": 724,
      "correct": 239,
      "acc": 0.3301104972375691
    },
    "T4": {
      "n": 533,
      "correct": 199,
      "acc": 0.37335834896810505
    },
    "T6": {
      "n": 896,
      "correct": 569,
      "acc": 0.6350446428571429
    },
    "T7": {
      "n": 793,
      "correct": 383,
      "acc": 0.48297604035308955
    },
    "T_binary": {
      "n": 807,
      "correct": 429,
      "acc": 0.5315985130111525
    },
    "T_progress": {
      "n": 1222,
      "correct": 373,
      "acc": 0.30523731587561376
    },
    "T_temporal": {
      "n": 239,
      "correct": 52,
      "acc": 0.2175732217573222
    }
  }
}